{
    "golo": "https://cdn.discordapp.com/attachments/863735137828339722/874666476777390120/IL_Golo.gif",
    "requinte": "https://media.tenor.com/7pzZxVeqwUAAAAAC/requinte-do-caralho-fucking-refinement.gif",
    "gologr": "https://i.ibb.co/5sWX739/GoloGR.gif",
    "pooldance": "https://media.tenor.com/zm6BQFjXAB8AAAAM/shark-dance.gif",
    "roubado": "https://4.bp.blogspot.com/-mOfX8o1bzNQ/UqOTl9WCJzI/AAAAAAAABjY/W1eg8c2SsQ8/s1600/paulobento2.gif",
    "golorafa": "https://i.ibb.co/8gQv9tx/golorafa.gif",
    "buenosdias": "https://i.ibb.co/z4Gkg3V/buenosdiasmatosinhos.gif",
    "diaaberto": "https://serbenfiquista.com/forum/index.php?topic=57275.new#new",
    "uish": "https://pbs.twimg.com/media/DbkjR2JW0AAEA9G.jpg",
    "punheta": "https://i.ibb.co/YbzTmKD/ezgif-com-optimize.gif",
    "acidsjj": "https://cdn.discordapp.com/attachments/755810053092540457/759411533918371880/giphy-5.gif",
    "diacono": "!https://cdn.discordapp.com/attachments/756252676253155421/758721940613234708/QuarterlyComplexBunting-size_restricted.gif",
    "samarras": "https://cdn.discordapp.com/attachments/755832475032486029/758667277033144340/ezgif.com-video-to-gif_1.gif",
    "boaquarta": "https://media.tenor.com/qHPDt8z-JTAAAAAC/boa-quarta-feira-rita-pereira.gif",
    "toninho": "https://media3.giphy.com/media/Ao1lyXWj0Qz6/giphy.gif"
}